id,first_name,last_name,email,gender,ip_address
1,Claiborne,Lefeuvre,clefeuvre0@i2i.jp,Male,57.74.108.9
2,Wrennie,O'Shevlin,woshevlin1@symantec.com,Female,11.72.3.30
3,Cloris,Barosch,cbarosch2@ihg.com,Female,160.103.0.208
4,Tove,Duligal,tduligal3@parallels.com,Female,182.101.31.45
5,Gun,Yanshinov,gyanshinov4@jigsy.com,Male,26.29.135.188
6,Nataniel,Etridge,netridge5@4shared.com,Male,102.98.215.53
7,Perla,Eshmade,peshmade6@tiny.cc,Female,38.203.44.14
8,Bondon,Enderle,benderle7@ed.gov,Male,239.173.200.253
9,Charley,Robert,crobert8@wufoo.com,Male,180.253.140.104
10,Avrom,Cannicott,acannicott9@upenn.edu,Male,119.251.150.233
11,Solomon,Nabbs,snabbsa@mashable.com,Male,168.18.18.29
12,Tonnie,Grigorescu,tgrigorescub@reverbnation.com,Male,166.26.31.179
13,Otha,Kleisel,okleiselc@istockphoto.com,Female,67.131.205.76
14,Lanni,MacKey,lmackeyd@ebay.com,Female,177.159.141.156
15,Ford,Rome,fromee@ifeng.com,Male,27.95.147.245
16,Olin,Ciobutaru,ociobutaruf@smugmug.com,Male,250.111.255.184
17,Janetta,Dommerque,jdommerqueg@arizona.edu,Female,114.43.194.73
18,Tedra,Gohn,tgohnh@naver.com,Female,95.245.85.89
19,Claiborn,Tithacott,ctithacotti@jalbum.net,Male,249.24.170.43
20,Phebe,Heaps,pheapsj@google.cn,Female,88.183.236.101
21,Caril,Engel,cengelk@goo.gl,Agender,107.254.204.173
22,Ddene,Shannon,dshannonl@cbslocal.com,Female,66.27.24.248
23,Arlyn,Nassau,anassaum@amazon.com,Female,188.118.153.242
24,Nissa,Cossor,ncossorn@psu.edu,Female,3.223.87.98
25,Fiann,Ainge,faingeo@telegraph.co.uk,Genderfluid,18.198.32.146
26,Preston,Wathan,pwathanp@bbc.co.uk,Male,237.211.116.143
27,Patty,Siddele,psiddeleq@mozilla.org,Male,217.137.222.109
28,Lanny,Dye,ldyer@phoca.cz,Female,218.34.232.139
29,Robinet,Cordery,rcorderys@skype.com,Female,155.175.102.252
30,Ruddy,Slora,rslorat@state.gov,Genderqueer,216.182.182.145
31,Paquito,Kelbie,pkelbieu@google.ru,Male,238.100.147.165
32,Kahlil,Clues,kcluesv@histats.com,Male,116.0.150.19
33,Thadeus,Giraudeau,tgiraudeauw@google.nl,Male,45.9.127.208
34,Gustavo,Paye,gpayex@scientificamerican.com,Male,228.235.79.58
35,Sissy,Crank,scranky@diigo.com,Female,20.20.136.90
36,Lyndsay,Shoard,lshoardz@noaa.gov,Genderfluid,77.246.250.64
37,Granthem,Coltman,gcoltman10@yandex.ru,Male,167.243.157.1
38,Burnard,Boatswain,bboatswain11@phpbb.com,Male,47.228.240.112
39,Sybyl,Geffen,sgeffen12@slate.com,Genderqueer,96.164.47.132
40,Asia,Eldridge,aeldridge13@51.la,Female,43.62.87.236
41,Deane,Swindlehurst,dswindlehurst14@php.net,Male,66.8.117.194
42,Kimberlyn,Greenland,kgreenland15@huffingtonpost.com,Female,241.67.123.23
43,Moina,Colenutt,mcolenutt16@hao123.com,Female,10.144.118.16
44,Lucho,Rebanks,lrebanks17@myspace.com,Male,10.191.238.100
45,Roanna,Joost,rjoost18@imdb.com,Female,168.169.211.123
46,Yorgos,Lapham,ylapham19@diigo.com,Male,154.250.245.132
47,Fanchette,Toward,ftoward1a@example.com,Polygender,161.229.120.79
48,Lyn,Ellerby,lellerby1b@geocities.jp,Female,71.209.113.219
49,Jonas,Acutt,jacutt1c@macromedia.com,Male,42.245.214.62
50,Ermentrude,Swancott,eswancott1d@ft.com,Female,134.34.233.189
51,Alessandra,Bottoner,abottoner1e@dyndns.org,Female,70.4.146.227
52,Phaedra,Caff,pcaff1f@elpais.com,Female,236.67.211.14
53,Devora,Huygen,dhuygen1g@oakley.com,Female,218.214.178.9
54,Hal,Imlen,himlen1h@goo.ne.jp,Male,152.76.21.24
55,Sunny,Leftbridge,sleftbridge1i@csmonitor.com,Male,187.194.96.224
56,Giacobo,Outhwaite,gouthwaite1j@huffingtonpost.com,Male,189.43.219.67
57,Creight,Badrick,cbadrick1k@hubpages.com,Male,33.199.24.20
58,Graeme,Doumerc,gdoumerc1l@washingtonpost.com,Non-binary,164.182.149.146
59,Rivy,Krout,rkrout1m@wordpress.org,Bigender,238.111.255.51
60,Cristin,Prosch,cprosch1n@google.co.uk,Female,214.25.201.229
61,Delmore,Pyrton,dpyrton1o@spiegel.de,Male,223.117.60.213
62,Marjory,Scourge,mscourge1p@fastcompany.com,Female,2.85.7.39
63,Odessa,Duffet,oduffet1q@yellowbook.com,Female,18.14.109.210
64,Lindsay,Killock,lkillock1r@timesonline.co.uk,Female,97.28.104.199
65,Pierrette,Vell,pvell1s@indiatimes.com,Female,221.58.139.169
66,Mic,Hardingham,mhardingham1t@uol.com.br,Male,4.47.33.62
67,Eliot,Duiguid,eduiguid1u@hubpages.com,Male,82.188.134.127
68,Sofie,Piser,spiser1v@reuters.com,Female,71.122.227.234
69,Carly,Daly,cdaly1w@europa.eu,Male,55.151.20.143
70,Thekla,Mallinder,tmallinder1x@google.co.jp,Female,253.119.230.15
71,Paton,Pomery,ppomery1y@gizmodo.com,Male,19.197.238.241
72,Kenyon,Pudsey,kpudsey1z@paypal.com,Male,105.197.38.153
73,Dee dee,Franies,dfranies20@discovery.com,Female,147.4.198.28
74,Peggy,O'Hartnedy,pohartnedy21@usda.gov,Female,59.43.145.84
75,Jacob,Hartless,jhartless22@wordpress.org,Male,241.135.193.41
76,Howey,Place,hplace23@buzzfeed.com,Male,102.27.104.255
77,Clementia,Larne,clarne24@nyu.edu,Female,231.172.4.121
78,Dill,Mingotti,dmingotti25@yellowbook.com,Male,116.93.191.68
79,Esme,Rider,erider26@pen.io,Male,130.158.214.159
80,Wyatan,Karlqvist,wkarlqvist27@jugem.jp,Polygender,21.32.82.185
81,Marchall,Bellchamber,mbellchamber28@yahoo.com,Male,122.11.174.59
82,Sandro,Boulger,sboulger29@woothemes.com,Male,211.200.131.140
83,Miriam,Haskur,mhaskur2a@va.gov,Female,186.208.189.36
84,Sofia,Ivain,sivain2b@eventbrite.com,Agender,82.54.216.82
85,Franklin,Eisak,feisak2c@walmart.com,Male,144.4.194.85
86,Allison,Toffts,atoffts2d@sitemeter.com,Female,46.140.242.11
87,Lothario,Heam,lheam2e@state.tx.us,Male,56.81.153.79
88,Joyan,Heeks,jheeks2f@goo.gl,Agender,98.252.231.54
89,Joshuah,Forshaw,jforshaw2g@storify.com,Male,156.59.133.73
90,Frederigo,Shambrooke,fshambrooke2h@php.net,Male,89.178.208.190
91,Renate,Fagge,rfagge2i@hibu.com,Female,155.26.193.251
92,Cissy,Mackerel,cmackerel2j@timesonline.co.uk,Female,68.123.168.79
93,Archer,Bowery,abowery2k@forbes.com,Male,253.146.174.3
94,Hillier,Caccavari,hcaccavari2l@technorati.com,Male,83.148.149.150
95,Marne,Leathers,mleathers2m@pinterest.com,Female,128.157.41.51
96,Mylo,McNess,mmcness2n@dropbox.com,Male,94.85.105.228
97,Gilberto,Moffet,gmoffet2o@nsw.gov.au,Non-binary,232.37.1.218
98,Caldwell,Dulwitch,cdulwitch2p@amazon.co.jp,Male,216.137.169.176
99,Agnesse,Exell,aexell2q@google.ca,Polygender,245.91.165.225
100,Petronia,Crocombe,pcrocombe2r@t-online.de,Agender,24.124.192.242
101,Aileen,Bettinson,abettinson2s@blinklist.com,Female,156.149.144.70
102,Franky,Muro,fmuro2t@telegraph.co.uk,Male,227.98.23.119
103,Maurizia,Lisle,mlisle2u@apple.com,Female,57.113.99.60
104,Jo,Oughtright,joughtright2v@diigo.com,Female,34.235.121.45
105,Coretta,Camies,ccamies2w@studiopress.com,Female,115.204.100.37
106,Melisande,Ibbeson,mibbeson2x@drupal.org,Female,40.176.249.3
107,Darryl,Kirvin,dkirvin2y@diigo.com,Female,242.171.169.128
108,Francine,Brydell,fbrydell2z@theguardian.com,Female,109.133.164.125
109,Lynn,Roles,lroles30@deviantart.com,Male,126.51.103.60
110,Kerrin,Thursby,kthursby31@virginia.edu,Female,124.179.134.187
111,Cilka,Waker,cwaker32@sakura.ne.jp,Female,116.176.57.8
112,Averell,Kirkwood,akirkwood33@weather.com,Male,116.203.41.99
113,Archambault,Candey,acandey34@cbsnews.com,Male,123.98.199.252
114,Ash,MacKellar,amackellar35@tinyurl.com,Male,253.237.17.140
115,Lindie,Ivanin,livanin36@ustream.tv,Female,200.153.182.168
116,Diandra,Woodvine,dwoodvine37@bloomberg.com,Female,18.69.127.142
117,Cam,Vodden,cvodden38@deviantart.com,Female,10.201.94.58
118,Sidnee,Haylett,shaylett39@example.com,Male,3.41.161.125
119,Patrica,Lipscomb,plipscomb3a@berkeley.edu,Female,67.142.176.202
120,Mart,Ladds,mladds3b@feedburner.com,Genderfluid,34.106.182.61
121,Iosep,Wearing,iwearing3c@tripod.com,Male,42.116.56.10
122,Jone,Cornew,jcornew3d@newsvine.com,Male,106.106.44.134
123,Archaimbaud,Guerri,aguerri3e@github.com,Male,111.202.14.174
124,Kacy,Melmeth,kmelmeth3f@skyrock.com,Female,244.75.141.228
125,Ulrike,Choffin,uchoffin3g@tinyurl.com,Female,183.78.154.84
126,Kirby,Durram,kdurram3h@yolasite.com,Agender,150.5.120.99
127,Blaire,Girhard,bgirhard3i@un.org,Female,112.184.244.165
128,Wain,Loade,wloade3j@comcast.net,Male,143.157.234.156
129,Obidiah,Billows,obillows3k@cafepress.com,Bigender,157.18.224.232
130,Dodie,Seakes,dseakes3l@mapy.cz,Female,62.207.228.93
131,Ermanno,Boss,eboss3m@fotki.com,Male,204.130.58.215
132,Grenville,Attrey,gattrey3n@wikispaces.com,Male,48.249.234.176
133,Westbrook,Bremeyer,wbremeyer3o@blogspot.com,Male,210.35.26.193
134,Joseph,Parkin,jparkin3p@multiply.com,Male,16.204.77.16
135,Jules,Dumke,jdumke3q@angelfire.com,Bigender,22.92.239.76
136,Abdel,Teggin,ateggin3r@php.net,Male,29.171.49.95
137,Charyl,Spargo,cspargo3s@globo.com,Female,220.149.219.51
138,Karlens,Uren,kuren3t@huffingtonpost.com,Male,207.223.138.139
139,Eudora,Paszak,epaszak3u@yahoo.co.jp,Female,162.6.94.186
140,Phillip,McReedy,pmcreedy3v@cdc.gov,Male,56.213.82.128
141,Ashli,Gierke,agierke3w@sciencedaily.com,Female,66.83.171.127
142,Frederic,Lattka,flattka3x@hp.com,Male,156.251.203.188
143,Amitie,Pattie,apattie3y@java.com,Female,248.185.199.188
144,Kirstin,Readshall,kreadshall3z@flickr.com,Female,206.134.196.80
145,Lory,Lohan,llohan40@mediafire.com,Female,93.151.19.82
146,Lethia,Westphal,lwestphal41@t-online.de,Female,37.253.3.80
147,Tessie,Primarolo,tprimarolo42@altervista.org,Female,165.197.94.129
148,Vachel,Worsnap,vworsnap43@imdb.com,Male,39.231.209.99
149,Dwain,Walters,dwalters44@umn.edu,Male,64.44.186.35
150,Alf,Hamnet,ahamnet45@bluehost.com,Male,141.7.245.22
151,Violette,Stollenbeck,vstollenbeck46@nhs.uk,Female,141.225.156.48
152,Miller,Luscombe,mluscombe47@google.co.uk,Male,174.31.121.59
153,Leola,MacLese,lmaclese48@devhub.com,Female,111.103.203.228
154,Tallou,Bener,tbener49@adobe.com,Non-binary,175.193.120.11
155,Lynette,Shearmur,lshearmur4a@youtu.be,Genderfluid,14.230.250.75
156,Karel,Raubheim,kraubheim4b@usa.gov,Female,148.111.20.241
157,Selena,Horsley,shorsley4c@theatlantic.com,Female,67.12.103.70
158,Peggy,Duinkerk,pduinkerk4d@zimbio.com,Female,149.143.153.99
159,Kelbee,Wahlberg,kwahlberg4e@issuu.com,Male,250.174.17.227
160,Aguste,Caen,acaen4f@businessweek.com,Male,69.6.219.55
161,Gibby,De Bernardis,gdebernardis4g@zdnet.com,Male,231.55.84.57
162,Matilde,Martynka,mmartynka4h@nydailynews.com,Female,58.109.169.190
163,Shellysheldon,Littlemore,slittlemore4i@irs.gov,Male,109.162.239.204
164,Alex,Abbotts,aabbotts4j@stanford.edu,Female,12.239.108.37
165,Avrom,Jovicic,ajovicic4k@vimeo.com,Genderqueer,74.62.155.203
166,Evyn,Guilaem,eguilaem4l@yolasite.com,Male,68.244.156.25
167,Westbrook,Ludovici,wludovici4m@baidu.com,Male,84.90.23.39
168,Arabele,Tuck,atuck4n@sina.com.cn,Female,23.91.120.246
169,Nicky,Tireman,ntireman4o@feedburner.com,Female,53.42.152.171
170,Jedediah,Scare,jscare4p@vistaprint.com,Male,36.92.103.141
171,Cory,Swin,cswin4q@mac.com,Male,230.246.131.26
172,Torr,Goggin,tgoggin4r@canalblog.com,Male,168.133.100.28
173,Shani,Huntingdon,shuntingdon4s@networksolutions.com,Female,218.178.21.254
174,Rudy,Deeson,rdeeson4t@theguardian.com,Male,254.130.188.59
175,Nikaniki,Merlin,nmerlin4u@twitpic.com,Female,76.156.202.170
176,Minor,O'Dooghaine,modooghaine4v@youku.com,Male,162.218.217.213
177,Frederico,McCully,fmccully4w@blogs.com,Male,177.176.195.92
178,Ferrell,Cuerdale,fcuerdale4x@hugedomains.com,Male,0.203.40.143
179,Moise,Guyonnet,mguyonnet4y@cbc.ca,Male,221.174.55.81
180,Garek,Aggus,gaggus4z@intel.com,Male,48.25.109.211
181,Carin,Gritland,cgritland50@paypal.com,Female,211.23.87.238
182,Kathi,Monckton,kmonckton51@yale.edu,Female,54.177.235.11
183,Nevin,Lanktree,nlanktree52@who.int,Agender,245.141.125.53
184,Eugenio,Foote,efoote53@marketwatch.com,Male,246.59.26.2
185,Jeremy,Maypole,jmaypole54@sourceforge.net,Male,114.155.13.210
186,Kit,Keymer,kkeymer55@usatoday.com,Male,218.77.102.76
187,Lorna,Jurgenson,ljurgenson56@surveymonkey.com,Female,102.187.225.153
188,Benito,Runsey,brunsey57@icq.com,Male,15.77.243.182
189,Cherye,McLaggan,cmclaggan58@loc.gov,Female,201.1.127.176
190,Marshal,Arkley,markley59@alibaba.com,Male,141.76.168.168
191,Edouard,Jakubovitch,ejakubovitch5a@arizona.edu,Male,107.104.59.230
192,Tammy,Itshak,titshak5b@cbsnews.com,Female,5.167.169.164
193,Matthaeus,Losselyong,mlosselyong5c@businesswire.com,Male,218.0.107.84
194,Witty,Taverner,wtaverner5d@so-net.ne.jp,Genderfluid,150.146.248.39
195,Bertrand,Tewkesberry,btewkesberry5e@ameblo.jp,Male,12.0.219.154
196,Chantalle,Embery,cembery5f@chicagotribune.com,Female,162.125.55.30
197,Bob,Warcop,bwarcop5g@rambler.ru,Male,171.198.206.101
198,Kingston,McQuie,kmcquie5h@sohu.com,Male,171.129.186.111
199,Frankie,Broggelli,fbroggelli5i@unc.edu,Male,179.5.74.254
200,Hollie,Belleny,hbelleny5j@npr.org,Female,155.182.175.98
201,Helen-elizabeth,Garstan,hgarstan5k@sitemeter.com,Female,199.169.20.68
202,Angus,Yoskowitz,ayoskowitz5l@feedburner.com,Male,207.101.183.110
203,Joline,Verdey,jverdey5m@redcross.org,Female,62.106.234.218
204,Vaughn,Antoney,vantoney5n@ehow.com,Male,135.43.241.47
205,Frannie,Peasgood,fpeasgood5o@yolasite.com,Female,68.215.218.49
206,Ezra,Majury,emajury5p@skype.com,Male,121.243.132.231
207,Shell,Balfe,sbalfe5q@instagram.com,Female,97.8.173.211
208,Jesse,Feitosa,jfeitosa5r@bandcamp.com,Agender,223.136.208.1
209,Jerri,Catto,jcatto5s@alexa.com,Male,208.25.113.240
210,Linus,Westgarth,lwestgarth5t@economist.com,Male,140.19.190.195
211,Norrie,Okill,nokill5u@vkontakte.ru,Female,8.183.125.71
212,Selene,Wilbore,swilbore5v@reuters.com,Female,31.228.168.88
213,Amby,McKew,amckew5w@businessinsider.com,Male,4.126.140.66
214,Fons,Deport,fdeport5x@4shared.com,Male,23.67.9.66
215,Ezequiel,Teesdale,eteesdale5y@cbsnews.com,Male,163.159.26.89
216,Nannette,Doumer,ndoumer5z@nyu.edu,Female,191.34.14.127
217,Brandice,Stallard,bstallard60@ehow.com,Female,74.75.52.5
218,Joice,Cohn,jcohn61@1und1.de,Genderqueer,123.152.23.254
219,Sibley,Bagge,sbagge62@si.edu,Female,100.88.226.117
220,Dorree,Decourt,ddecourt63@alexa.com,Female,160.0.76.220
221,Braden,Leete,bleete64@hp.com,Male,58.179.163.154
222,Marketa,Oakenford,moakenford65@privacy.gov.au,Female,50.144.62.248
223,Onfroi,Fontaine,ofontaine66@i2i.jp,Male,211.65.36.66
224,Lindon,Spellacey,lspellacey67@google.it,Male,148.62.210.205
225,Ly,Gorges,lgorges68@guardian.co.uk,Male,199.147.153.64
226,Drud,Mattussevich,dmattussevich69@google.com.hk,Male,176.216.79.96
227,Nannette,Beadham,nbeadham6a@behance.net,Female,252.212.67.232
228,Hamel,Hardstaff,hhardstaff6b@washingtonpost.com,Genderqueer,236.57.65.243
229,Daphene,Arbuckle,darbuckle6c@csmonitor.com,Female,7.226.11.104
230,Sayers,Ferro,sferro6d@examiner.com,Male,98.157.22.0
231,Sydel,Redington,sredington6e@studiopress.com,Female,241.195.74.148
232,Radcliffe,Alcoran,ralcoran6f@google.nl,Male,14.103.235.84
233,Nickolaus,Acock,nacock6g@slashdot.org,Male,30.60.62.122
234,Fannie,Fairpool,ffairpool6h@irs.gov,Female,0.234.125.208
235,Delcina,Normavell,dnormavell6i@yellowpages.com,Female,220.216.44.198
236,Cathie,Antoniottii,cantoniottii6j@newyorker.com,Female,175.14.132.236
237,Leonhard,Pakenham,lpakenham6k@plala.or.jp,Male,157.87.146.87
238,Bria,Harpur,bharpur6l@google.co.jp,Female,232.108.142.17
239,Iseabal,Shimoni,ishimoni6m@is.gd,Female,202.108.41.44
240,Marrissa,Guiraud,mguiraud6n@washington.edu,Female,31.187.196.228
241,Myca,Egiloff,megiloff6o@360.cn,Male,131.242.248.20
242,Randa,Dunmore,rdunmore6p@google.pl,Female,207.94.131.119
243,Kaitlynn,Ilsley,kilsley6q@ask.com,Female,177.99.13.101
244,Nerty,Shernock,nshernock6r@rambler.ru,Agender,225.14.0.253
245,Maryann,McPeck,mmcpeck6s@over-blog.com,Female,36.25.114.35
246,Marabel,Mawne,mmawne6t@mozilla.org,Female,67.48.176.230
247,Gillian,Spybey,gspybey6u@cnbc.com,Female,71.155.19.237
248,Elka,Kleinfeld,ekleinfeld6v@icio.us,Female,73.253.202.180
249,Bertina,Matuszak,bmatuszak6w@amazon.co.jp,Female,216.90.84.36
250,Leonerd,Ommundsen,lommundsen6x@nbcnews.com,Male,202.244.17.66
251,Elaina,Le Blond,eleblond6y@digg.com,Female,184.77.43.63
252,Neely,Turk,nturk6z@oakley.com,Agender,167.81.64.28
253,Cristi,Balling,cballing70@hibu.com,Female,9.44.188.85
254,El,Fellows,efellows71@webmd.com,Male,124.26.153.126
255,Burgess,Sancias,bsancias72@qq.com,Male,89.155.73.141
256,Frederic,Allgood,fallgood73@ted.com,Male,64.28.169.47
257,Elvera,Biffin,ebiffin74@google.cn,Female,93.161.173.35
258,Bruis,Todaro,btodaro75@skyrock.com,Male,45.52.8.33
259,Mikol,Ewbank,mewbank76@illinois.edu,Male,122.128.158.228
260,Carry,Croall,ccroall77@com.com,Female,116.111.23.250
261,Buddy,Fattorini,bfattorini78@archive.org,Male,52.76.76.184
262,Chere,Sinnie,csinnie79@163.com,Female,112.118.208.238
263,Port,Haggar,phaggar7a@cbslocal.com,Male,156.220.145.204
264,Jedediah,McAndie,jmcandie7b@intel.com,Male,220.20.227.6
265,Shoshana,Woollons,swoollons7c@nba.com,Female,75.117.251.167
266,Jehanna,Gerber,jgerber7d@noaa.gov,Female,71.2.222.133
267,Roxanne,Basili,rbasili7e@weebly.com,Female,187.11.119.250
268,Fernandina,Piddle,fpiddle7f@yellowpages.com,Genderfluid,227.215.103.252
269,Lynna,Penburton,lpenburton7g@huffingtonpost.com,Female,114.53.241.27
270,Pablo,Bahls,pbahls7h@mozilla.org,Male,116.246.27.250
271,Zared,Priest,zpriest7i@vk.com,Male,233.77.213.130
272,Merilyn,Josephi,mjosephi7j@yellowbook.com,Female,203.63.156.41
273,Enid,aManger,eamanger7k@independent.co.uk,Female,235.157.245.27
274,Vonny,Sizzey,vsizzey7l@posterous.com,Female,250.67.222.84
275,Markus,Stroband,mstroband7m@accuweather.com,Genderfluid,82.245.51.251
276,Lonna,Khadir,lkhadir7n@goodreads.com,Female,113.199.7.141
277,Rene,Skuce,rskuce7o@oakley.com,Male,95.17.161.77
278,Luci,Seal,lseal7p@xinhuanet.com,Female,16.88.4.134
279,Anatol,Retter,aretter7q@theatlantic.com,Male,171.245.148.25
280,Iorgo,Whitehair,iwhitehair7r@ftc.gov,Male,87.189.207.239
281,Cleveland,Klementz,cklementz7s@soundcloud.com,Male,206.147.202.72
282,Maurizio,Carine,mcarine7t@liveinternet.ru,Male,157.34.144.169
283,Baudoin,Daish,bdaish7u@google.com.br,Genderfluid,140.183.12.221
284,Katharina,Glinde,kglinde7v@cyberchimps.com,Female,228.80.107.95
285,Vin,Lardeux,vlardeux7w@altervista.org,Male,111.7.107.234
286,Dita,Pinyon,dpinyon7x@wired.com,Female,163.14.156.212
287,Merline,Duncklee,mduncklee7y@netscape.com,Female,132.243.66.207
288,Shelagh,Snoddin,ssnoddin7z@bizjournals.com,Female,220.162.177.43
289,Christan,Symper,csymper80@harvard.edu,Female,150.177.44.157
290,Matthew,Gebb,mgebb81@domainmarket.com,Male,131.75.100.199
291,Caryl,Kosel,ckosel82@myspace.com,Male,166.100.92.4
292,Anett,Rheubottom,arheubottom83@intel.com,Female,72.46.47.64
293,Padriac,Cerith,pcerith84@is.gd,Male,91.180.97.182
294,Jesselyn,Marshallsay,jmarshallsay85@tripadvisor.com,Female,63.161.203.46
295,Elsy,Greatbanks,egreatbanks86@hc360.com,Female,251.100.64.126
296,Georgetta,Jukes,gjukes87@bluehost.com,Female,238.175.202.209
297,Josey,Dangl,jdangl88@yahoo.com,Female,227.176.104.131
298,Yorgos,Bankes,ybankes89@xrea.com,Male,75.216.216.178
299,Lurline,Drinnan,ldrinnan8a@tripod.com,Female,229.153.86.235
300,Lindon,Di Matteo,ldimatteo8b@fc2.com,Male,3.91.103.135
301,Perrine,Redparth,predparth8c@telegraph.co.uk,Bigender,255.129.55.235
302,Aurelie,Kitteman,akitteman8d@nature.com,Female,113.104.200.168
303,Coralyn,Turvey,cturvey8e@icio.us,Female,42.251.172.191
304,Wenonah,Tregear,wtregear8f@e-recht24.de,Female,219.44.232.31
305,Klarrisa,Barcke,kbarcke8g@feedburner.com,Female,120.28.127.168
306,Andie,Corragan,acorragan8h@fda.gov,Non-binary,169.85.43.8
307,Katee,Olfert,kolfert8i@goo.ne.jp,Female,255.200.81.57
308,Bendix,Danielsohn,bdanielsohn8j@virginia.edu,Male,112.250.42.22
309,Louisa,Reeder,lreeder8k@fastcompany.com,Female,145.36.1.76
310,Peria,Inder,pinder8l@discuz.net,Female,157.8.34.15
311,Gary,Rochelle,grochelle8m@ibm.com,Male,68.39.175.73
312,Meyer,Bim,mbim8n@cdbaby.com,Male,123.241.8.33
313,Lennie,Crudge,lcrudge8o@geocities.com,Male,168.4.83.168
314,Allina,McCabe,amccabe8p@techcrunch.com,Female,180.163.114.49
315,Fernande,Angrove,fangrove8q@mail.ru,Female,252.133.38.7
316,Win,Jacob,wjacob8r@ycombinator.com,Male,82.34.248.179
317,Robby,Facey,rfacey8s@nps.gov,Male,154.114.179.90
318,Rogerio,Benallack,rbenallack8t@cloudflare.com,Male,61.143.135.162
319,Quintilla,Behling,qbehling8u@springer.com,Bigender,73.244.93.246
320,Lotti,Cammiemile,lcammiemile8v@linkedin.com,Female,95.32.65.3
321,Elijah,Christall,echristall8w@lycos.com,Male,173.72.253.188
322,Shirley,Braid,sbraid8x@skype.com,Genderfluid,219.125.167.119
323,Karole,Rousel,krousel8y@columbia.edu,Female,231.53.124.233
324,Micheal,Wetherby,mwetherby8z@google.cn,Male,141.222.58.14
325,Jacky,Mawd,jmawd90@marketwatch.com,Male,141.119.164.187
326,Vernen,Kilgallen,vkilgallen91@indiatimes.com,Male,62.70.85.179
327,Lacie,Ambroix,lambroix92@cmu.edu,Female,224.143.84.157
328,Zelda,Yatman,zyatman93@netlog.com,Female,9.30.10.251
329,Sholom,Kliement,skliement94@webnode.com,Male,5.20.223.150
330,Aguistin,Duigenan,aduigenan95@virginia.edu,Male,140.30.24.177
331,Giselbert,Godbert,ggodbert96@comcast.net,Male,123.169.47.197
332,Gertruda,Benkhe,gbenkhe97@icio.us,Genderfluid,89.185.39.130
333,Marci,Gossage,mgossage98@marketwatch.com,Female,18.159.177.142
334,Coleen,Sutherel,csutherel99@harvard.edu,Female,46.248.247.45
335,Dean,Bladen,dbladen9a@360.cn,Genderfluid,187.131.36.62
336,Jilleen,Messier,jmessier9b@google.de,Female,145.103.193.187
337,Ashley,Stone,astone9c@seesaa.net,Male,142.135.52.6
338,Keenan,Jakeway,kjakeway9d@plala.or.jp,Male,230.99.206.121
339,Rachelle,Gettone,rgettone9e@google.nl,Female,43.132.90.197
340,Maynord,Dickinson,mdickinson9f@skyrock.com,Male,246.250.156.178
341,Giacopo,Terris,gterris9g@gov.uk,Male,129.106.253.199
342,Byrom,Polo,bpolo9h@tripadvisor.com,Male,20.102.101.6
343,Ludovika,Jouanot,ljouanot9i@wikia.com,Female,118.128.31.188
344,Noelani,Coite,ncoite9j@wiley.com,Female,1.220.43.161
345,Sterne,Easterling,seasterling9k@cisco.com,Male,214.142.156.176
346,Leontyne,Sowte,lsowte9l@purevolume.com,Female,39.222.240.60
347,Emlyn,Veillard,eveillard9m@stumbleupon.com,Male,12.188.121.87
348,Marcos,Folk,mfolk9n@geocities.com,Male,5.216.193.86
349,Augustine,Canfield,acanfield9o@about.com,Female,21.194.33.48
350,Des,Osmon,dosmon9p@sbwire.com,Male,204.245.44.69
351,Clint,Wrate,cwrate9q@alexa.com,Male,106.84.193.25
352,Godfrey,Naris,gnaris9r@answers.com,Male,102.253.66.58
353,Melisent,Evason,mevason9s@aol.com,Female,123.198.201.33
354,Rockie,Moncaster,rmoncaster9t@virginia.edu,Male,175.236.131.208
355,Nady,Stitson,nstitson9u@unicef.org,Female,226.166.161.97
356,Dacia,Nials,dnials9v@gmpg.org,Female,236.52.62.21
357,Indira,Trubshawe,itrubshawe9w@tuttocitta.it,Female,53.159.65.249
358,Marchall,Derl,mderl9x@accuweather.com,Male,252.173.1.48
359,Geoffrey,Luthwood,gluthwood9y@pinterest.com,Agender,229.97.204.126
360,Warden,Eberlein,weberlein9z@unicef.org,Male,226.36.65.93
361,Catlee,Wegener,cwegenera0@bigcartel.com,Female,244.202.229.102
362,Ulrica,O'Keevan,uokeevana1@constantcontact.com,Female,227.233.20.213
363,Clim,Huckerby,chuckerbya2@amazon.com,Male,106.21.3.14
364,Carolyne,Curless,ccurlessa3@mapquest.com,Female,124.6.237.255
365,Milly,des Remedios,mdesremediosa4@dyndns.org,Female,204.115.190.109
366,Trudie,Gladbach,tgladbacha5@addtoany.com,Female,46.43.126.51
367,Zeb,Akers,zakersa6@boston.com,Male,81.158.133.127
368,Farleigh,Ebourne,febournea7@shinystat.com,Male,200.132.229.235
369,Mignonne,Duxbarry,mduxbarrya8@furl.net,Female,43.155.201.186
370,Dolph,Scafe,dscafea9@webnode.com,Male,64.139.48.121
371,Beverie,Kinnard,bkinnardaa@cmu.edu,Female,114.162.26.180
372,Syman,Monument,smonumentab@dedecms.com,Male,232.248.22.52
373,Claudianus,Kitteman,ckittemanac@google.com.hk,Male,195.208.68.20
374,Timoteo,Fairhead,tfairheadad@reverbnation.com,Male,66.206.13.121
375,Nathaniel,Tappin,ntappinae@jalbum.net,Male,150.102.87.202
376,Markos,Fere,mfereaf@discovery.com,Male,177.38.165.39
377,Agnesse,Peasegood,apeasegoodag@google.co.jp,Female,204.190.46.153
378,Kylila,Pettwood,kpettwoodah@chicagotribune.com,Female,22.150.4.45
379,Carlotta,Ferrino,cferrinoai@reference.com,Female,55.183.229.117
380,Edwina,Oakwell,eoakwellaj@whitehouse.gov,Genderqueer,199.136.249.189
381,Nora,Pengilly,npengillyak@techcrunch.com,Non-binary,166.29.165.112
382,Peter,Sapauton,psapautonal@blog.com,Male,188.231.194.240
383,Nan,Arpin,narpinam@printfriendly.com,Female,118.76.172.160
384,Gunilla,Wilshaw,gwilshawan@va.gov,Female,98.190.67.100
385,Loise,McIlwraith,lmcilwraithao@smugmug.com,Female,25.3.177.121
386,Granny,Partlett,gpartlettap@pcworld.com,Male,132.183.124.18
387,Flory,Jaqueme,fjaquemeaq@ftc.gov,Female,209.94.39.136
388,Carolynn,Wych,cwychar@diigo.com,Female,215.49.165.125
389,Hewe,Greenaway,hgreenawayas@forbes.com,Male,244.103.80.236
390,Dyane,Sapwell,dsapwellat@howstuffworks.com,Female,189.250.241.249
391,Babita,Bamber,bbamberau@noaa.gov,Female,64.187.254.144
392,Abbey,Catchpole,acatchpoleav@barnesandnoble.com,Agender,229.233.210.68
393,Egan,Bacop,ebacopaw@home.pl,Male,170.76.169.177
394,Saudra,Gawke,sgawkeax@disqus.com,Female,78.5.188.224
395,Lynn,Loxston,lloxstonay@webnode.com,Female,236.11.248.11
396,Darcey,Saltwell,dsaltwellaz@usatoday.com,Female,105.42.32.23
397,Emiline,Rosenfeld,erosenfeldb0@army.mil,Female,246.0.248.241
398,Daryl,Glover,dgloverb1@plala.or.jp,Bigender,234.57.163.149
399,Alexei,De'Vere - Hunt,adeverehuntb2@marketwatch.com,Male,123.204.143.10
400,Cesya,Shillan,cshillanb3@plala.or.jp,Female,14.162.210.27
401,Sheff,Dellatorre,sdellatorreb4@yahoo.com,Male,172.26.197.92
402,Leticia,MacAirt,lmacairtb5@uol.com.br,Female,34.202.145.44
403,Vincent,Cassey,vcasseyb6@blog.com,Male,230.237.230.89
404,Bernard,Eliasson,beliassonb7@networksolutions.com,Male,47.189.217.61
405,Gwendolyn,Saye,gsayeb8@berkeley.edu,Female,30.42.150.199
406,Lesly,Follows,lfollowsb9@over-blog.com,Female,123.188.19.16
407,Aurlie,Shilvock,ashilvockba@bandcamp.com,Female,117.28.156.111
408,Seward,Bloore,sbloorebb@earthlink.net,Male,189.238.104.15
409,Nickolaus,Niset,nnisetbc@wunderground.com,Male,115.140.26.170
410,Esme,Heel,eheelbd@soup.io,Male,160.65.61.215
411,Cristin,Clows,cclowsbe@cisco.com,Female,54.225.34.210
412,Dasya,Rivers,driversbf@nymag.com,Female,47.108.126.108
413,Grove,Potebury,gpoteburybg@shutterfly.com,Male,121.201.161.143
414,Claudell,Fligg,cfliggbh@ucsd.edu,Male,215.68.207.133
415,Gaylor,Kiely,gkielybi@scientificamerican.com,Male,147.62.6.122
416,Rani,Blowne,rblownebj@qq.com,Female,164.208.158.130
417,Allard,Sponder,asponderbk@arstechnica.com,Male,225.194.95.62
418,Beverley,McGonagle,bmcgonaglebl@live.com,Female,67.165.39.238
419,Phip,Tunuy,ptunuybm@imgur.com,Male,221.123.107.230
420,La verne,Elt,leltbn@feedburner.com,Female,72.249.220.209
421,Andy,Twitching,atwitchingbo@nydailynews.com,Female,243.158.26.185
422,Zitella,Khadir,zkhadirbp@berkeley.edu,Female,219.47.217.231
423,Michael,Bland,mblandbq@soundcloud.com,Male,90.62.64.15
424,Tedie,Neave,tneavebr@accuweather.com,Male,161.166.25.162
425,Cleo,Van Velden,cvanveldenbs@nyu.edu,Female,236.85.119.90
426,Baryram,Jiran,bjiranbt@constantcontact.com,Male,197.173.39.63
427,Toiboid,Ferrieroi,tferrieroibu@skype.com,Male,150.76.127.92
428,Aurilia,Ragsdall,aragsdallbv@uol.com.br,Female,10.67.184.223
429,Rafaelita,Posselt,rposseltbw@time.com,Female,192.253.64.217
430,Valery,O'Connor,voconnorbx@cpanel.net,Female,173.62.255.217
431,Kerby,Carmont,kcarmontby@about.com,Male,147.57.16.185
432,Odell,Ness,onessbz@instagram.com,Male,11.182.16.67
433,Garey,Lambin,glambinc0@foxnews.com,Male,247.165.129.40
434,Elsa,Warman,ewarmanc1@themeforest.net,Female,52.3.255.245
435,Junette,Firidolfi,jfiridolfic2@uol.com.br,Female,3.90.115.190
436,Casey,Baelde,cbaeldec3@shareasale.com,Male,205.162.159.158
437,Julina,Wickendon,jwickendonc4@pcworld.com,Genderfluid,86.84.6.206
438,Desiree,Toothill,dtoothillc5@twitter.com,Female,125.176.239.98
439,Curtis,Grieveson,cgrievesonc6@ning.com,Male,102.180.249.45
440,Alexine,Tomasello,atomaselloc7@dion.ne.jp,Polygender,226.188.34.79
441,Leesa,Semple,lsemplec8@imageshack.us,Female,204.153.9.233
442,Theadora,Gaiford,tgaifordc9@ihg.com,Female,144.107.198.21
443,Catrina,Stanlock,cstanlockca@hhs.gov,Female,65.204.31.5
444,Chic,Flecknoe,cflecknoecb@51.la,Male,171.185.64.10
445,Dori,Juste,djustecc@edublogs.org,Polygender,176.157.244.2
446,Renaldo,Hurring,rhurringcd@friendfeed.com,Male,26.167.254.191
447,Beitris,Bumphrey,bbumphreyce@wufoo.com,Genderfluid,76.92.209.6
448,Uriah,Proger,uprogercf@sbwire.com,Male,186.100.23.198
449,Filide,Zorzenoni,fzorzenonicg@liveinternet.ru,Female,29.18.243.197
450,Bettina,Filippello,bfilippelloch@skyrock.com,Female,87.16.69.240
451,Karleen,Pipworth,kpipworthci@samsung.com,Female,54.94.176.226
452,Dewie,Mongin,dmongincj@mashable.com,Male,56.155.196.31
453,Elisha,Goodwill,egoodwillck@tmall.com,Female,46.41.26.160
454,Kimmy,Fairrie,kfairriecl@1688.com,Female,179.99.18.93
455,Kris,Rowlstone,krowlstonecm@unicef.org,Male,241.236.170.73
456,Colline,Piburn,cpiburncn@networksolutions.com,Female,225.42.34.105
457,Dene,Paynton,dpayntonco@i2i.jp,Male,136.54.137.163
458,Terrance,Bearn,tbearncp@facebook.com,Male,109.162.223.107
459,Valina,Yetts,vyettscq@ihg.com,Female,220.181.99.228
460,Noach,Sabates,nsabatescr@lycos.com,Male,93.159.95.234
461,Rabi,Sapsforde,rsapsfordecs@smugmug.com,Bigender,207.120.114.137
462,Vivian,Kemsley,vkemsleyct@webmd.com,Agender,115.106.168.1
463,Lonni,Milmith,lmilmithcu@sciencedirect.com,Female,50.186.17.58
464,Mead,Elmar,melmarcv@slashdot.org,Male,235.16.98.223
465,Arri,Yeskin,ayeskincw@aboutads.info,Male,225.196.57.171
466,Amabelle,Fraczek,afraczekcx@mozilla.org,Female,123.31.124.30
467,Carlie,Louiset,clouisetcy@cnn.com,Female,200.235.21.178
468,Blair,Sloy,bsloycz@networksolutions.com,Female,162.150.5.102
469,Laurel,Pryde,lpryded0@washington.edu,Female,115.168.81.195
470,Susi,Mc Giffin,smcgiffind1@weibo.com,Female,96.170.226.124
471,Mort,Tunstall,mtunstalld2@wp.com,Male,55.37.176.210
472,Emmery,Czyz,eczyzd3@mlb.com,Male,65.236.57.187
473,Francois,Langcastle,flangcastled4@gmpg.org,Male,77.231.51.208
474,Cesaro,Colgan,ccolgand5@nasa.gov,Male,246.66.91.207
475,Boigie,Priddey,bpriddeyd6@answers.com,Male,186.73.193.185
476,Audrye,Sandever,asandeverd7@lulu.com,Female,20.107.17.108
477,Shae,Jeppensen,sjeppensend8@prlog.org,Polygender,175.53.79.38
478,Harlie,Lesaunier,hlesaunierd9@mediafire.com,Female,135.37.47.213
479,Aidan,Allabush,aallabushda@ucla.edu,Female,252.155.24.213
480,Curry,Wilkie,cwilkiedb@buzzfeed.com,Male,189.187.242.172
481,Mariejeanne,Chatelain,mchatelaindc@tripadvisor.com,Polygender,49.139.27.117
482,Donall,Salleir,dsalleirdd@epa.gov,Male,26.183.251.13
483,Shell,Fudger,sfudgerde@nature.com,Male,113.251.90.111
484,Nelie,Hughill,nhughilldf@cbslocal.com,Genderqueer,51.202.9.172
485,Dunc,Doylend,ddoylenddg@nih.gov,Male,127.114.157.92
486,Giuseppe,Apdell,gapdelldh@360.cn,Male,149.231.86.252
487,Fanechka,Storror,fstorrordi@amazon.de,Non-binary,50.215.219.247
488,Alissa,Dearnaly,adearnalydj@thetimes.co.uk,Female,254.118.199.206
489,Emelyne,Matejovsky,ematejovskydk@prlog.org,Female,39.119.114.82
490,Tabatha,Bartalin,tbartalindl@xrea.com,Female,188.186.171.229
491,Ellery,Eastlake,eeastlakedm@reference.com,Male,153.242.71.191
492,Batsheva,Bastistini,bbastistinidn@dedecms.com,Female,188.83.236.128
493,Keven,Felten,kfeltendo@zdnet.com,Male,126.204.253.28
494,Delbert,MacKniely,dmacknielydp@yelp.com,Male,240.26.136.86
495,Enrique,Pate,epatedq@google.com.au,Male,108.175.202.58
496,Cornelia,Larrosa,clarrosadr@histats.com,Female,8.132.212.36
497,Davy,Tidcombe,dtidcombeds@shop-pro.jp,Male,154.80.39.143
498,Elvis,Sreenan,esreenandt@mac.com,Male,7.154.202.117
499,Libby,Keedy,lkeedydu@nyu.edu,Female,238.112.132.219
500,Umberto,Gridley,ugridleydv@furl.net,Male,72.123.182.151
501,Lonnie,Silverthorn,lsilverthorndw@vk.com,Male,48.70.224.98
502,Sheela,Silversmid,ssilversmiddx@disqus.com,Female,225.192.119.127
503,Traver,McCulloch,tmccullochdy@technorati.com,Polygender,179.112.137.116
504,Winfield,Licas,wlicasdz@github.com,Male,88.249.27.190
505,Vannie,Kaser,vkasere0@goo.ne.jp,Female,167.197.46.124
506,Antonino,Junes,ajunese1@posterous.com,Male,25.143.244.193
507,Logan,Orgee,lorgeee2@usda.gov,Male,226.231.127.168
508,Cart,Collins,ccollinse3@amazon.com,Male,228.165.224.224
509,Wilow,Titmuss,wtitmusse4@taobao.com,Female,5.99.60.50
510,Feliza,Dockree,fdockreee5@last.fm,Female,9.244.56.171
511,Tabb,Hallt,thallte6@addtoany.com,Male,156.96.190.147
512,Gene,Brassill,gbrassille7@cloudflare.com,Male,121.39.98.44
513,Murry,McQuirter,mmcquirtere8@businessinsider.com,Male,222.194.157.31
514,Leonardo,Polotti,lpolottie9@jalbum.net,Male,39.153.111.214
515,Janaya,Meatyard,jmeatyardea@elpais.com,Female,221.224.132.101
516,Timmie,Vanezis,tvaneziseb@csmonitor.com,Genderfluid,237.63.14.64
517,Batholomew,Plott,bplottec@hatena.ne.jp,Male,153.154.3.71
518,Babita,Klimek,bklimeked@independent.co.uk,Female,69.37.131.111
519,Weber,Viles,wvilesee@canalblog.com,Male,161.193.82.212
520,Nedda,Paullin,npaullinef@tripadvisor.com,Female,44.206.68.10
521,Amaleta,Sims,asimseg@jigsy.com,Female,180.121.137.209
522,Velma,Colkett,vcolketteh@clickbank.net,Female,231.157.190.6
523,Rosetta,Lestrange,rlestrangeei@homestead.com,Female,197.17.170.227
524,Hayes,Carmo,hcarmoej@istockphoto.com,Male,188.176.81.197
525,Jeremias,Coleridge,jcoleridgeek@friendfeed.com,Bigender,113.43.116.77
526,Birgitta,Seabourne,bseabourneel@icio.us,Female,80.104.82.141
527,Fidelia,Sinkinson,fsinkinsonem@webmd.com,Female,52.222.180.218
528,Luelle,Ranyard,lranyarden@ifeng.com,Female,229.248.11.251
529,Aileen,Colten,acolteneo@technorati.com,Female,181.31.165.50
530,Gussy,Kassidy,gkassidyep@chron.com,Female,61.65.28.22
531,Loreen,Searston,lsearstoneq@behance.net,Female,201.183.25.65
532,Shalna,Billingham,sbillinghamer@usnews.com,Female,233.111.191.111
533,Garrot,Lorenzetto,glorenzettoes@whitehouse.gov,Male,187.188.147.107
534,Lucille,Folbig,lfolbiget@ycombinator.com,Female,60.90.129.76
535,Zaria,Sellors,zsellorseu@cmu.edu,Female,158.191.13.21
536,Lexis,de Castelain,ldecastelainev@google.pl,Female,122.189.61.204
537,Charmain,Saket,csaketew@ucoz.ru,Female,125.237.247.92
538,Patricia,Willars,pwillarsex@un.org,Female,234.254.154.253
539,Northrup,Demangeon,ndemangeoney@constantcontact.com,Male,2.241.49.214
540,Pauletta,Allberry,pallberryez@yelp.com,Female,111.147.255.221
541,Paul,Jacobowicz,pjacobowiczf0@accuweather.com,Male,123.254.152.184
542,Nonah,Bainbrigge,nbainbriggef1@desdev.cn,Female,159.182.218.154
543,Chelsy,Dupoy,cdupoyf2@tumblr.com,Female,101.179.160.228
544,Cristy,Gillogley,cgillogleyf3@senate.gov,Female,108.181.132.95
545,Constantin,Siddons,csiddonsf4@illinois.edu,Genderqueer,53.140.163.180
546,Jenni,Wiggam,jwiggamf5@dropbox.com,Female,47.60.116.179
547,Edy,Watkin,ewatkinf6@indiatimes.com,Female,173.19.53.120
548,Genevra,Hembling,ghemblingf7@nymag.com,Female,70.156.140.247
549,Daveta,Matthewman,dmatthewmanf8@artisteer.com,Female,38.234.51.78
550,Emelina,Ovitz,eovitzf9@cpanel.net,Female,0.210.215.8
551,Mandi,Toone,mtoonefa@un.org,Female,34.39.4.240
552,Ker,Taffe,ktaffefb@ft.com,Genderqueer,120.245.89.153
553,Daron,Fritter,dfritterfc@tamu.edu,Female,249.166.143.126
554,Tamra,Lattie,tlattiefd@oaic.gov.au,Female,255.91.42.131
555,Mirabelle,Playden,mplaydenfe@ft.com,Female,122.208.153.193
556,Abby,Clementi,aclementiff@friendfeed.com,Female,189.14.212.116
557,Tremayne,Schruur,tschruurfg@salon.com,Male,105.145.95.251
558,Filberto,Mallinson,fmallinsonfh@networksolutions.com,Genderqueer,4.30.211.107
559,Wilfrid,McNicol,wmcnicolfi@google.de,Male,92.235.170.22
560,Preston,Vaudin,pvaudinfj@narod.ru,Male,46.249.147.216
561,Cristian,Choke,cchokefk@cyberchimps.com,Male,176.230.221.80
562,Micki,Weatherup,mweatherupfl@hhs.gov,Polygender,1.215.182.202
563,Cyrus,Coggings,ccoggingsfm@eventbrite.com,Male,133.162.199.79
564,Kirbie,Hateley,khateleyfn@mail.ru,Female,26.135.252.247
565,Selestina,Slayton,sslaytonfo@tinyurl.com,Female,15.25.191.183
566,Anthia,Stanbury,astanburyfp@nps.gov,Female,170.174.192.166
567,Matthew,Itzcovich,mitzcovichfq@howstuffworks.com,Male,67.50.209.22
568,Kayley,Vinten,kvintenfr@infoseek.co.jp,Female,151.240.250.114
569,Law,Hassewell,lhassewellfs@ucoz.ru,Male,244.133.202.251
570,Felita,Lennie,flennieft@odnoklassniki.ru,Female,205.30.34.25
571,Ulrikaumeko,Hasker,uhaskerfu@acquirethisname.com,Female,155.153.68.65
572,Farrell,Byard,fbyardfv@ucsd.edu,Male,198.35.199.248
573,Clarinda,Chapelhow,cchapelhowfw@indiatimes.com,Female,167.203.207.52
574,Carlee,Crowcombe,ccrowcombefx@sbwire.com,Female,10.231.39.60
575,Sibyl,Tregona,stregonafy@twitpic.com,Genderqueer,161.254.121.193
576,Ashia,Mawditt,amawdittfz@jugem.jp,Female,141.84.53.122
577,Craggy,Wedge,cwedgeg0@slate.com,Male,150.35.221.0
578,Teressa,Streets,tstreetsg1@epa.gov,Female,197.147.202.123
579,Gradeigh,Lodemann,glodemanng2@nyu.edu,Genderfluid,214.7.22.252
580,Aurie,Dibbert,adibbertg3@zimbio.com,Non-binary,141.195.179.213
581,James,Diggar,jdiggarg4@discuz.net,Male,128.113.24.192
582,Benji,Criple,bcripleg5@ca.gov,Male,249.13.166.66
583,Noelyn,Hamshere,nhamshereg6@bizjournals.com,Female,80.142.121.244
584,Ara,Standeven,astandeveng7@dagondesign.com,Female,225.52.48.182
585,Cameron,Grugerr,cgrugerrg8@unesco.org,Male,238.62.150.149
586,Colas,O' Flaherty,coflahertyg9@addthis.com,Genderqueer,213.208.113.194
587,Moyra,Sullens,msullensga@miibeian.gov.cn,Female,221.208.23.135
588,Nani,Windows,nwindowsgb@shop-pro.jp,Female,225.251.205.110
589,Jemmy,Jeske,jjeskegc@oaic.gov.au,Non-binary,125.203.127.191
590,Sondra,Amery,samerygd@vinaora.com,Female,81.237.128.106
591,Hobey,Hansberry,hhansberryge@sciencedaily.com,Male,232.36.137.44
592,Kevin,Vannuccinii,kvannucciniigf@latimes.com,Agender,2.103.167.146
593,Jakie,Farre,jfarregg@wiley.com,Male,18.78.76.248
594,Colly,Tibbotts,ctibbottsgh@biglobe.ne.jp,Female,120.140.231.193
595,Pamela,Yekel,pyekelgi@goo.gl,Female,233.69.156.49
596,Whit,Berzons,wberzonsgj@networksolutions.com,Male,84.209.32.13
597,Goldia,Cranage,gcranagegk@msn.com,Female,168.224.61.244
598,Merwyn,Checo,mchecogl@trellian.com,Male,10.20.30.179
599,Marris,Roseblade,mrosebladegm@blogspot.com,Female,163.187.195.200
600,Kimberlyn,Service,kservicegn@studiopress.com,Female,22.92.57.104
601,Merla,McKyrrelly,mmckyrrellygo@tmall.com,Female,129.113.102.162
602,Jessamine,Hartle,jhartlegp@merriam-webster.com,Female,93.90.60.87
603,Cicily,Lassells,classellsgq@exblog.jp,Female,206.81.230.89
604,Jacki,Squeers,jsqueersgr@columbia.edu,Female,5.36.18.204
605,Nanon,Huey,nhueygs@adobe.com,Female,233.1.227.23
606,Honoria,McCome,hmccomegt@bloglovin.com,Female,50.104.133.42
607,Nola,Capehorn,ncapehorngu@nih.gov,Female,137.237.175.60
608,Artie,Gove,agovegv@canalblog.com,Male,177.208.250.181
609,Abby,Joncic,ajoncicgw@blogtalkradio.com,Male,215.204.199.1
610,Haywood,Tyrrell,htyrrellgx@ca.gov,Non-binary,188.237.101.208
611,Jerald,Leadston,jleadstongy@goo.ne.jp,Bigender,139.13.211.212
612,Huntley,Naerup,hnaerupgz@themeforest.net,Male,133.203.106.171
613,Nicolette,Reide,nreideh0@mlb.com,Female,26.22.248.208
614,Riane,Ondrus,rondrush1@amazon.co.jp,Female,250.67.87.10
615,Jarid,Dannell,jdannellh2@w3.org,Male,53.28.146.184
616,Brander,Genney,bgenneyh3@mac.com,Male,108.149.202.172
617,Marietta,Chalcraft,mchalcrafth4@usnews.com,Male,70.201.23.130
618,Sylas,Claxton,sclaxtonh5@house.gov,Male,191.228.231.0
619,Benedikt,Dene,bdeneh6@abc.net.au,Male,228.184.53.214
620,Shea,Collick,scollickh7@opera.com,Female,35.166.123.22
621,Tove,Dorward,tdorwardh8@bbc.co.uk,Female,106.41.234.128
622,Shell,Crowson,scrowsonh9@springer.com,Female,132.11.243.54
623,Mallorie,Bareford,mbarefordha@ibm.com,Female,17.129.152.48
624,Crystal,Bacop,cbacophb@uol.com.br,Female,54.114.126.213
625,Osmund,Dauncey,odaunceyhc@netvibes.com,Genderqueer,144.188.205.38
626,Nerissa,McInally,nmcinallyhd@ucla.edu,Female,253.234.220.181
627,Rici,Jeffray,rjeffrayhe@mysql.com,Female,207.25.38.110
628,Kira,Scholer,kscholerhf@toplist.cz,Female,243.243.225.100
629,Marris,Meads,mmeadshg@ihg.com,Female,184.65.206.105
630,Ham,Noyes,hnoyeshh@yahoo.com,Polygender,95.100.38.187
631,Lenci,Labat,llabathi@baidu.com,Male,251.23.4.182
632,Bride,Yatman,byatmanhj@dailymail.co.uk,Female,49.201.122.105
633,Daile,Clemintoni,dclemintonihk@quantcast.com,Female,113.109.102.189
634,Erinn,Springall,espringallhl@cafepress.com,Non-binary,1.1.231.180
635,Kacie,Kalvin,kkalvinhm@ucsd.edu,Female,62.2.63.170
636,Lesley,Ilymanov,lilymanovhn@epa.gov,Female,159.27.126.213
637,Mab,Hyde,mhydeho@google.es,Female,53.119.4.131
638,Madison,Moland,mmolandhp@bizjournals.com,Male,196.225.78.106
639,Ede,Limbrick,elimbrickhq@yelp.com,Polygender,164.191.249.184
640,Tiphani,Matresse,tmatressehr@umn.edu,Female,244.7.108.54
641,Hiram,Acock,hacockhs@sfgate.com,Male,19.91.218.202
642,Nicholas,Death,ndeathht@shutterfly.com,Male,89.195.119.203
643,Jarret,Burnyate,jburnyatehu@oakley.com,Bigender,27.154.28.87
644,Bevin,Summerson,bsummersonhv@cyberchimps.com,Male,99.122.6.34
645,Ellswerth,Smeall,esmeallhw@sogou.com,Male,49.237.115.47
646,Truman,Wither,twitherhx@dropbox.com,Male,7.152.162.19
647,Ottilie,Gavaghan,ogavaghanhy@surveymonkey.com,Female,111.25.57.233
648,Hakeem,Ismirnioglou,hismirnioglouhz@pen.io,Male,26.74.243.9
649,Glen,Cheak,gcheaki0@spotify.com,Female,223.71.206.197
650,Elmira,Allcoat,eallcoati1@artisteer.com,Bigender,32.108.154.191
651,Malorie,Pie,mpiei2@skype.com,Female,76.242.250.158
652,Christoper,Mahood,cmahoodi3@scribd.com,Non-binary,161.173.61.126
653,Georgie,Tumbelty,gtumbeltyi4@goodreads.com,Female,183.115.91.154
654,Rochelle,Praundlin,rpraundlini5@cpanel.net,Female,150.41.145.235
655,Callie,Magister,cmagisteri6@accuweather.com,Female,18.203.236.191
656,Aubrie,MacCaughan,amaccaughani7@uol.com.br,Female,153.18.97.135
657,Dill,Andrejevic,dandrejevici8@usgs.gov,Male,209.239.3.200
658,Miquela,Billinge,mbillingei9@sohu.com,Female,113.72.20.69
659,Costanza,Pee,cpeeia@vimeo.com,Female,139.13.245.128
660,Neall,Root,nrootib@imageshack.us,Male,245.125.134.19
661,Orin,Middell,omiddellic@wordpress.com,Male,124.205.252.213
662,Bren,Guise,bguiseid@ebay.com,Male,243.144.208.205
663,Hermione,Derr,hderrie@wisc.edu,Genderfluid,2.22.130.20
664,Brander,Inwood,binwoodif@smh.com.au,Male,93.19.237.159
665,Joey,Binns,jbinnsig@wix.com,Male,118.59.106.154
666,Melinde,Infantino,minfantinoih@nymag.com,Female,182.48.138.106
667,Tiffany,Ovell,tovellii@cam.ac.uk,Female,89.242.14.108
668,Josselyn,Sandham,jsandhamij@bbb.org,Female,219.132.135.94
669,Artie,Lodwig,alodwigik@house.gov,Male,147.48.235.137
670,Malinda,Lattimer,mlattimeril@irs.gov,Female,9.98.12.211
671,Shaina,McClelland,smcclellandim@mlb.com,Female,44.79.255.40
672,Linea,Vertey,lverteyin@is.gd,Female,145.5.254.88
673,Bradney,Bage,bbageio@tmall.com,Male,18.106.7.93
674,Kamila,Klementz,kklementzip@hubpages.com,Female,215.196.185.16
675,Aimee,Bolduc,abolduciq@timesonline.co.uk,Female,180.39.202.2
676,Nels,Lashmar,nlashmarir@cnbc.com,Male,126.101.155.30
677,Pat,Dummer,pdummeris@topsy.com,Genderqueer,233.67.244.26
678,Kermy,Stuart,kstuartit@sun.com,Male,123.168.68.84
679,Lizabeth,Monkleigh,lmonkleighiu@marriott.com,Female,188.30.174.129
680,Salomon,Carbry,scarbryiv@aol.com,Male,108.62.142.81
681,Stephi,McGrouther,smcgroutheriw@vinaora.com,Non-binary,176.3.183.19
682,Welch,Knowling,wknowlingix@latimes.com,Male,245.79.71.12
683,Demetris,Stuther,dstutheriy@about.me,Female,22.110.91.185
684,Chan,Brims,cbrimsiz@google.cn,Male,123.115.138.206
685,Lyon,Maleck,lmaleckj0@live.com,Male,209.4.76.164
686,Brew,Bibey,bbibeyj1@purevolume.com,Male,224.76.109.253
687,Con,St. Leger,cstlegerj2@com.com,Male,225.53.213.79
688,Robinetta,Pomphrett,rpomphrettj3@ihg.com,Female,84.173.15.64
689,Charla,Gentile,cgentilej4@ibm.com,Female,232.50.85.57
690,Lockwood,Lubbock,llubbockj5@microsoft.com,Male,141.134.45.35
691,Keene,Cornehl,kcornehlj6@nps.gov,Agender,253.145.26.105
692,Elianora,Maddern,emaddernj7@blogger.com,Female,188.85.254.193
693,Terrell,Aizikovitz,taizikovitzj8@baidu.com,Male,252.9.66.228
694,Cris,Gulleford,cgullefordj9@canalblog.com,Male,229.74.179.196
695,Gabriella,Melsom,gmelsomja@answers.com,Female,160.224.74.190
696,Daffy,Spriggs,dspriggsjb@sbwire.com,Female,228.238.91.89
697,Jobey,Tuff,jtuffjc@oaic.gov.au,Non-binary,140.174.56.173
698,Elizabeth,Biagioni,ebiagionijd@baidu.com,Female,100.233.69.20
699,Dorise,Cluff,dcluffje@tinyurl.com,Female,218.8.3.104
700,Brinn,Hefferon,bhefferonjf@bandcamp.com,Female,138.30.67.201
701,Vernor,Plowes,vplowesjg@i2i.jp,Male,101.82.64.115
702,Nigel,Ottiwill,nottiwilljh@auda.org.au,Male,94.105.145.242
703,Maurie,MacBey,mmacbeyji@spotify.com,Male,209.50.236.251
704,Vivienne,Forgie,vforgiejj@ihg.com,Genderfluid,60.236.160.140
705,Killy,Davion,kdavionjk@bravesites.com,Male,118.231.43.49
706,Corrinne,Yarham,cyarhamjl@homestead.com,Female,219.86.164.238
707,Carrie,Farra,cfarrajm@dyndns.org,Female,231.120.175.148
708,Byrom,Gillebride,bgillebridejn@yale.edu,Male,49.90.244.157
709,Odille,Eric,oericjo@ucoz.ru,Female,60.113.42.242
710,Darryl,Stearndale,dstearndalejp@vinaora.com,Female,220.163.71.105
711,Elladine,Launchbury,elaunchburyjq@paypal.com,Female,112.83.115.25
712,Ber,Waldren,bwaldrenjr@a8.net,Male,41.52.138.104
713,Nevile,Enrrico,nenrricojs@pcworld.com,Male,73.132.233.169
714,Arturo,Mullane,amullanejt@reference.com,Male,51.184.211.110
715,Ernesta,Bradnick,ebradnickju@ebay.com,Polygender,101.180.86.65
716,Byrann,Garfath,bgarfathjv@topsy.com,Male,110.70.150.203
717,Wynn,Jarrold,wjarroldjw@vkontakte.ru,Female,56.96.93.27
718,Robyn,Wapple,rwapplejx@ed.gov,Female,20.94.230.199
719,Stafford,McCreagh,smccreaghjy@shop-pro.jp,Male,53.115.91.247
720,Fredek,Pohls,fpohlsjz@senate.gov,Male,102.106.99.146
721,Nicki,Woodbridge,nwoodbridgek0@cnn.com,Female,152.60.205.248
722,Jacquette,Rickets,jricketsk1@oaic.gov.au,Female,19.145.115.96
723,Tann,Thaxton,tthaxtonk2@wikipedia.org,Non-binary,72.38.189.8
724,Mathian,Willard,mwillardk3@pbs.org,Male,119.226.90.99
725,Anni,Schankel,aschankelk4@pen.io,Genderfluid,3.47.126.84
726,Daniella,Jaukovic,djaukovick5@w3.org,Female,115.204.59.132
727,Zollie,Ianelli,zianellik6@gov.uk,Male,196.105.30.236
728,Henriette,Bisatt,hbisattk7@joomla.org,Female,251.33.2.176
729,Mario,McCreath,mmccreathk8@nature.com,Male,207.163.105.24
730,Amalee,Bassam,abassamk9@reverbnation.com,Non-binary,88.111.163.157
731,Jillane,Darcey,jdarceyka@i2i.jp,Female,87.183.129.152
732,Lebbie,Kimmings,lkimmingskb@spotify.com,Female,224.179.105.98
733,Aurea,Bloore,abloorekc@edublogs.org,Female,139.218.68.22
734,Mordy,Nattriss,mnattrisskd@weather.com,Male,154.31.73.172
735,Dominica,Martinovsky,dmartinovskyke@ucla.edu,Female,222.70.135.82
736,Nev,Mennear,nmennearkf@salon.com,Male,36.112.130.145
737,Dasya,Plomer,dplomerkg@seesaa.net,Female,126.11.6.48
738,Zuzana,McQuorkell,zmcquorkellkh@sciencedaily.com,Female,214.252.63.166
739,Kimberley,McCurley,kmccurleyki@squarespace.com,Non-binary,50.94.154.41
740,Lettie,Grimsditch,lgrimsditchkj@nih.gov,Female,40.28.90.231
741,Ethe,Gossage,egossagekk@altervista.org,Male,43.212.62.147
742,Claudianus,Carmont,ccarmontkl@answers.com,Male,142.250.155.215
743,Marianne,Goghin,mgoghinkm@sourceforge.net,Female,73.77.253.96
744,Deeyn,Pietersma,dpietersmakn@home.pl,Female,232.251.15.181
745,Brandi,Petracek,bpetracekko@angelfire.com,Female,159.131.46.235
746,Ulrikaumeko,Benmore,ubenmorekp@imageshack.us,Female,252.10.43.8
747,Dani,Cromarty,dcromartykq@psu.edu,Female,251.161.175.83
748,Tabbatha,Matlock,tmatlockkr@goo.ne.jp,Female,162.167.245.211
749,Sherwin,Poyle,spoyleks@java.com,Male,161.98.236.31
750,Haroun,Syddie,hsyddiekt@canalblog.com,Male,21.22.181.6
751,Philipa,Bolzmann,pbolzmannku@moonfruit.com,Female,202.255.119.100
752,Tracie,Lead,tleadkv@cbslocal.com,Polygender,112.248.217.108
753,Lelia,Dutchburn,ldutchburnkw@apache.org,Female,75.198.243.95
754,Chen,Mullane,cmullanekx@businesswire.com,Male,101.34.58.33
755,Kata,Hatter,khatterky@desdev.cn,Female,130.235.50.243
756,Latia,Chasmer,lchasmerkz@sphinn.com,Female,220.88.110.30
757,Wynn,Weth,wwethl0@com.com,Female,12.155.84.43
758,Thaddeus,Tarte,ttartel1@wikipedia.org,Male,62.249.88.29
759,Shayla,Lazare,slazarel2@home.pl,Female,24.20.230.182
760,Jonas,Tummond,jtummondl3@gizmodo.com,Male,80.191.137.181
761,Arlyn,Dailly,adaillyl4@webnode.com,Female,78.224.220.168
762,Myca,Wane,mwanel5@mail.ru,Male,169.74.96.239
763,Evered,Santora,esantoral6@google.ca,Male,190.120.47.243
764,Tobiah,Dudleston,tdudlestonl7@blogger.com,Male,158.64.213.64
765,Killian,Joberne,kjobernel8@360.cn,Male,181.200.196.90
766,Ferdie,Courtes,fcourtesl9@earthlink.net,Male,225.223.3.54
767,Eadmund,Clewley,eclewleyla@ft.com,Male,7.64.132.161
768,Cy,Barfford,cbarffordlb@fastcompany.com,Male,222.107.190.244
769,Seumas,Spur,sspurlc@scientificamerican.com,Male,72.86.42.84
770,Jackelyn,Rewcassell,jrewcassellld@ca.gov,Female,150.229.13.141
771,Lynelle,Cayford,lcayfordle@is.gd,Female,54.251.39.202
772,Edi,Gauge,egaugelf@fema.gov,Female,53.33.36.4
773,Norbie,Ledgeway,nledgewaylg@engadget.com,Male,67.100.41.57
774,Dotti,Clemetts,dclemettslh@omniture.com,Female,61.241.47.56
775,Erie,Artiss,eartissli@livejournal.com,Male,211.60.227.140
776,Cally,Wegner,cwegnerlj@jiathis.com,Female,2.161.28.166
777,Bud,Eustanch,beustanchlk@psu.edu,Male,233.34.205.139
778,Yule,Seery,yseeryll@tamu.edu,Male,84.179.134.50
779,Farris,Oldcroft,foldcroftlm@hibu.com,Male,116.2.142.253
780,Cherrita,Beane,cbeaneln@tinypic.com,Female,55.50.92.142
781,Stace,Fairlamb,sfairlamblo@adobe.com,Female,43.51.55.35
782,Thibaut,Diwell,tdiwelllp@pagesperso-orange.fr,Male,172.167.11.199
783,Tommy,Headey,theadeylq@hostgator.com,Male,205.43.186.73
784,Charlean,Kopp,ckopplr@chron.com,Female,250.211.129.245
785,Cele,Kibard,ckibardls@amazon.de,Bigender,230.48.37.163
786,Tommy,Wyeth,twyethlt@mapy.cz,Female,222.13.10.204
787,Martin,Fenney,mfenneylu@instagram.com,Male,170.121.239.166
788,Lavinie,Embery,lemberylv@opera.com,Genderfluid,123.34.130.191
789,Marijn,Logie,mlogielw@squarespace.com,Male,3.34.43.244
790,Marcella,Ben,mbenlx@hhs.gov,Female,163.41.14.185
791,Adria,Fullard,afullardly@jigsy.com,Female,210.132.204.94
792,Arther,Apps,aappslz@jugem.jp,Non-binary,4.187.197.188
793,Jedd,Braben,jbrabenm0@smugmug.com,Male,236.182.133.137
794,Abba,Enoksson,aenokssonm1@pcworld.com,Male,142.114.33.55
795,Clarisse,Dunstan,cdunstanm2@vkontakte.ru,Female,141.81.238.190
796,Wright,Leving,wlevingm3@qq.com,Agender,219.116.122.7
797,Ronda,McKeag,rmckeagm4@skyrock.com,Female,181.53.19.98
798,Eldredge,Mortel,emortelm5@istockphoto.com,Genderqueer,162.4.111.175
799,Hobey,Pretorius,hpretoriusm6@lulu.com,Male,218.138.99.97
800,Matt,La Torre,mlatorrem7@phoca.cz,Male,94.156.94.167
801,Edith,Ceney,eceneym8@imageshack.us,Female,255.33.166.239
802,Jonas,Jarrad,jjarradm9@fema.gov,Male,192.85.180.232
803,Caprice,Pelchat,cpelchatma@newsvine.com,Female,235.89.97.248
804,Arther,Charter,achartermb@msn.com,Male,12.181.40.204
805,Elsworth,Bastie,ebastiemc@simplemachines.org,Male,234.115.223.239
806,Crichton,Woehler,cwoehlermd@example.com,Male,72.65.141.193
807,Grantley,Hunting,ghuntingme@fda.gov,Male,114.203.220.14
808,Tilda,Rushby,trushbymf@fotki.com,Female,154.191.6.56
809,Clem,Bartolomeo,cbartolomeomg@bbc.co.uk,Female,140.240.85.223
810,Tremain,Sutherland,tsutherlandmh@youku.com,Male,195.103.99.16
811,Ulises,Bleasdille,ubleasdillemi@google.com.au,Male,249.11.232.62
812,Cobby,Bartlosz,cbartloszmj@nps.gov,Male,53.143.235.100
813,Morly,Dinsell,mdinsellmk@intel.com,Male,235.4.106.239
814,Edgard,Gostridge,egostridgeml@webeden.co.uk,Male,151.169.3.18
815,Monti,Baudi,mbaudimm@wikimedia.org,Male,105.169.41.5
816,Karlotte,Sawers,ksawersmn@bloglines.com,Genderqueer,5.22.105.62
817,Sherwood,Glanvill,sglanvillmo@bloglovin.com,Male,162.53.240.10
818,Debbi,Slack,dslackmp@disqus.com,Female,154.105.174.14
819,Dave,Vsanelli,dvsanellimq@ucoz.com,Male,101.11.19.33
820,Betti,Heninghem,bheninghemmr@about.me,Female,22.253.58.12
821,Cherish,Paolino,cpaolinoms@altervista.org,Female,227.53.178.200
822,Edgardo,Klimke,eklimkemt@ucoz.com,Male,194.41.196.195
823,Ceciley,Hatchard,chatchardmu@webmd.com,Female,156.143.57.2
824,Gallard,Gillett,ggillettmv@narod.ru,Male,245.227.166.186
825,Willetta,Brastead,wbrasteadmw@walmart.com,Female,20.8.114.98
826,Bank,Ugoni,bugonimx@cbc.ca,Male,166.163.116.78
827,Bettine,Wenderoth,bwenderothmy@weibo.com,Female,15.157.233.218
828,Morganica,Mainwaring,mmainwaringmz@blogger.com,Female,188.103.238.117
829,Grenville,McConaghy,gmcconaghyn0@woothemes.com,Male,213.249.191.255
830,Bernita,Gotcher,bgotchern1@java.com,Female,178.179.135.192
831,Cam,Heakins,cheakinsn2@princeton.edu,Male,220.98.137.115
832,Happy,Puckrin,hpuckrinn3@myspace.com,Female,75.27.226.67
833,Sioux,McCall,smccalln4@discuz.net,Female,42.159.208.62
834,Michael,Truckett,mtruckettn5@earthlink.net,Male,217.116.175.214
835,Darcey,Beckett,dbeckettn6@cbsnews.com,Female,116.218.192.43
836,Wilie,Seaborne,wseabornen7@mac.com,Female,167.97.245.166
837,Armando,Ludvigsen,aludvigsenn8@wikipedia.org,Male,112.214.170.12
838,Birk,Blackaby,bblackabyn9@nasa.gov,Male,50.189.211.122
839,Wilona,Brotheridge,wbrotheridgena@example.com,Female,49.188.103.185
840,Sophia,Gayforth,sgayforthnb@blogs.com,Female,168.117.109.185
841,Cherianne,Flux,cfluxnc@dell.com,Female,89.8.34.162
842,Judd,Jarlmann,jjarlmannnd@bing.com,Male,231.45.133.220
843,Lockwood,Roch,lrochne@xing.com,Male,16.63.98.68
844,Shannan,Osment,sosmentnf@nasa.gov,Non-binary,137.142.181.54
845,Leonardo,Sinyard,lsinyardng@businessinsider.com,Male,236.214.146.120
846,Bettina,McNeice,bmcneicenh@webmd.com,Female,249.132.47.81
847,Nert,Pollendine,npollendineni@yahoo.com,Female,132.55.201.63
848,Douglass,Thomelin,dthomelinnj@comsenz.com,Male,25.108.27.160
849,Henrieta,Crosland,hcroslandnk@purevolume.com,Female,156.62.0.139
850,Ricardo,Danihelka,rdanihelkanl@ovh.net,Male,25.147.175.191
851,Midge,Biagioni,mbiagioninm@php.net,Female,61.54.60.75
852,Filia,Winters,fwintersnn@globo.com,Polygender,77.192.23.153
853,Allard,MacNally,amacnallyno@china.com.cn,Male,136.237.100.215
854,Carolina,Gianni,cgianninp@cyberchimps.com,Female,72.187.85.129
855,Stu,Giffaut,sgiffautnq@yelp.com,Male,47.177.32.86
856,De,Luna,dlunanr@qq.com,Female,227.12.10.209
857,Ursala,Badby,ubadbyns@howstuffworks.com,Female,53.169.45.90
858,Darlene,Finlow,dfinlownt@msn.com,Female,181.215.93.29
859,Gilligan,Peteri,gpeterinu@example.com,Female,12.63.251.2
860,Margaretha,De Anesy,mdeanesynv@amazonaws.com,Female,214.41.75.110
861,Gertrude,MacCallam,gmaccallamnw@deviantart.com,Agender,6.50.45.10
862,Nona,Simanenko,nsimanenkonx@nytimes.com,Female,143.140.87.69
863,Demetri,Jarrell,djarrellny@go.com,Male,154.212.173.41
864,Larissa,Woofenden,lwoofendennz@drupal.org,Female,244.85.128.207
865,Lawrence,Triggs,ltriggso0@pcworld.com,Male,192.59.20.90
866,Petrina,Mountney,pmountneyo1@princeton.edu,Female,25.63.56.208
867,Damita,Paunton,dpauntono2@umn.edu,Female,55.64.163.196
868,Galen,Pallaske,gpallaskeo3@123-reg.co.uk,Male,171.204.121.108
869,Gladys,Wayte,gwayteo4@china.com.cn,Female,73.123.73.5
870,Othilie,Hartup,ohartupo5@t-online.de,Bigender,162.235.139.62
871,Kerianne,Hryniewicz,khryniewiczo6@archive.org,Female,28.102.207.104
872,Berny,Siccombe,bsiccombeo7@hc360.com,Male,14.115.198.234
873,Bancroft,Brunroth,bbrunrotho8@google.co.jp,Male,98.89.13.38
874,Angeli,Toye,atoyeo9@t-online.de,Male,18.162.28.92
875,Andra,Galfour,agalfouroa@spiegel.de,Female,14.99.151.182
876,Sampson,Epperson,seppersonob@irs.gov,Agender,144.0.12.109
877,Valina,Fairnington,vfairningtonoc@huffingtonpost.com,Female,81.64.173.234
878,Hally,MacNeillie,hmacneillieod@cbslocal.com,Female,144.161.242.142
879,Vicky,Loddy,vloddyoe@arstechnica.com,Female,206.48.6.51
880,Janka,Greenhall,jgreenhallof@nyu.edu,Female,129.254.54.74
881,Lorilyn,Ackers,lackersog@ted.com,Female,147.243.94.44
882,Tansy,Sherborn,tsherbornoh@posterous.com,Female,248.184.165.116
883,Philly,Hammerberger,phammerbergeroi@ed.gov,Female,150.122.248.248
884,Nancie,O'Neil,noneiloj@vinaora.com,Female,52.235.167.24
885,Lawrence,Montacute,lmontacuteok@sun.com,Male,28.250.255.231
886,Amandy,Jirzik,ajirzikol@dailymotion.com,Female,180.236.234.22
887,Babara,Officer,bofficerom@msn.com,Female,116.178.164.0
888,Bobette,Monard,bmonardon@statcounter.com,Female,148.223.144.170
889,Derick,Espasa,despasaoo@sourceforge.net,Male,37.231.67.225
890,Fairleigh,Perroni,fperroniop@i2i.jp,Male,76.95.230.22
891,Karoly,Rulton,krultonoq@dailymotion.com,Female,81.90.65.95
892,Ray,Foye,rfoyeor@cafepress.com,Female,228.111.185.232
893,Hortensia,Upfold,hupfoldos@harvard.edu,Female,33.137.171.80
894,Annissa,Skaife,askaifeot@freewebs.com,Female,113.252.6.179
895,Wanda,Schlagtmans,wschlagtmansou@bandcamp.com,Female,132.179.119.144
896,Alonso,Petzold,apetzoldov@wired.com,Male,37.51.114.39
897,Raeann,Millican,rmillicanow@archive.org,Non-binary,99.53.52.35
898,Dasi,Lidierth,dlidierthox@fc2.com,Bigender,170.61.184.205
899,Claudio,Scade,cscadeoy@nature.com,Male,240.198.57.203
900,Tarra,Pickles,tpicklesoz@merriam-webster.com,Female,235.134.138.167
901,Phyllis,Moughton,pmoughtonp0@fastcompany.com,Female,88.24.244.219
902,Dulce,McLeish,dmcleishp1@google.cn,Female,186.3.94.60
903,Genia,Dumbar,gdumbarp2@angelfire.com,Female,39.102.87.97
904,Staffard,Elman,selmanp3@hud.gov,Male,110.18.16.251
905,Loise,Dolbey,ldolbeyp4@odnoklassniki.ru,Female,95.222.111.187
906,Arne,Campaigne,acampaignep5@altervista.org,Male,172.133.52.117
907,Rowland,Calbreath,rcalbreathp6@google.co.jp,Male,121.254.166.67
908,Webster,Huelin,whuelinp7@disqus.com,Male,24.176.41.91
909,Brietta,Drinkhill,bdrinkhillp8@multiply.com,Female,226.179.115.175
910,Elmo,Purselowe,epurselowep9@prweb.com,Male,143.76.127.90
911,Leland,Magovern,lmagovernpa@uol.com.br,Agender,44.134.117.105
912,Von,Showell,vshowellpb@blogger.com,Male,242.86.23.250
913,Luce,Allibone,lallibonepc@virginia.edu,Female,179.208.230.113
914,Evelyn,Hulle,ehullepd@printfriendly.com,Female,162.166.224.219
915,Charmine,Penzer,cpenzerpe@ted.com,Female,178.109.255.60
916,Kathie,Trumble,ktrumblepf@forbes.com,Female,227.192.39.234
917,Maxim,Manhare,mmanharepg@house.gov,Male,136.192.102.181
918,Libbi,Dykas,ldykasph@alexa.com,Female,191.68.73.115
919,Ly,Durning,ldurningpi@phoca.cz,Genderqueer,229.11.108.36
920,Lorry,Dodworth,ldodworthpj@amazon.co.jp,Female,70.247.122.178
921,Morlee,Hodinton,mhodintonpk@t.co,Male,249.96.90.40
922,Tobie,Hospital,thospitalpl@un.org,Polygender,217.156.13.17
923,Ker,Fayerbrother,kfayerbrotherpm@icq.com,Male,59.127.36.171
924,Aubine,Tilly,atillypn@businessinsider.com,Genderqueer,193.192.138.141
925,Alejandra,Elsmore,aelsmorepo@hc360.com,Female,158.136.208.87
926,Vitia,Munks,vmunkspp@moonfruit.com,Female,129.133.85.206
927,Olivia,Spires,ospirespq@live.com,Female,210.18.212.35
928,Sula,Ivchenko,sivchenkopr@irs.gov,Female,47.251.169.214
929,Ambrosius,Buxy,abuxyps@diigo.com,Male,43.84.139.2
930,Annabal,Adriani,aadrianipt@is.gd,Female,92.232.73.63
931,Clarinda,Jannex,cjannexpu@digg.com,Female,32.34.132.178
932,Ilse,Canon,icanonpv@icio.us,Female,84.208.88.253
933,Gerladina,Samet,gsametpw@sciencedaily.com,Female,238.6.185.130
934,Eda,Fennelly,efennellypx@github.com,Female,184.13.195.134
935,Fanchette,Berrecloth,fberreclothpy@smh.com.au,Female,42.220.117.35
936,Dulciana,Lagden,dlagdenpz@yandex.ru,Female,174.74.149.223
937,Hamlen,Vautier,hvautierq0@wordpress.com,Male,28.29.126.183
938,Fidole,Bagnall,fbagnallq1@scientificamerican.com,Male,120.74.24.222
939,Gunner,Peat,gpeatq2@mozilla.org,Male,215.238.228.62
940,Ceciley,Patemore,cpatemoreq3@geocities.com,Female,209.229.122.211
941,Wylie,Cruttenden,wcruttendenq4@discovery.com,Male,1.145.31.178
942,Lucio,Mc Comb,lmccombq5@nhs.uk,Male,144.30.75.243
943,Mathew,Coopper,mcoopperq6@uiuc.edu,Male,223.39.217.179
944,Trumann,Swett,tswettq7@deliciousdays.com,Male,105.147.123.116
945,Tedda,Milan,tmilanq8@yellowbook.com,Female,44.246.196.7
946,Kippy,Deem,kdeemq9@imdb.com,Male,247.162.147.93
947,Licha,Bernardo,lbernardoqa@loc.gov,Female,132.96.55.171
948,Alessandro,Boutcher,aboutcherqb@oracle.com,Male,5.17.103.37
949,Maxi,Posnette,mposnetteqc@abc.net.au,Female,39.168.139.58
950,Leora,Itzkovici,litzkoviciqd@ifeng.com,Female,145.56.250.225
951,Frederico,Walsom,fwalsomqe@washington.edu,Male,13.139.185.33
952,Barnie,Vevers,bveversqf@360.cn,Male,72.238.75.64
953,Charil,Crisford,ccrisfordqg@blogspot.com,Female,7.81.182.209
954,Marijo,Winchcombe,mwinchcombeqh@weather.com,Female,39.136.39.162
955,Ainsley,Hinsche,ahinscheqi@mac.com,Female,151.162.86.241
956,Hallsy,Goschalk,hgoschalkqj@qq.com,Male,60.156.235.47
957,Barbra,Cossey,bcosseyqk@mlb.com,Female,165.109.146.74
958,Marsha,Sharp,msharpql@trellian.com,Female,126.65.240.137
959,Isabel,Arbor,iarborqm@mapquest.com,Female,233.227.126.138
960,Madelle,Keogh,mkeoghqn@lulu.com,Female,118.250.69.6
961,Alfie,Priddie,apriddieqo@topsy.com,Male,135.156.180.134
962,Lorine,Gammill,lgammillqp@stanford.edu,Female,203.53.117.150
963,Alonso,Palphramand,apalphramandqq@google.it,Male,47.15.171.225
964,Allianora,Smillie,asmillieqr@dion.ne.jp,Female,217.185.131.7
965,Ilysa,Harden,ihardenqs@sohu.com,Polygender,72.138.240.78
966,Althea,Bulward,abulwardqt@intel.com,Female,185.187.42.216
967,Didi,Grcic,dgrcicqu@unblog.fr,Female,114.37.248.155
968,Letisha,Elmhurst,lelmhurstqv@slate.com,Female,238.68.88.244
969,Almeta,Maven,amavenqw@yahoo.com,Female,22.155.194.200
970,Mead,Renvoys,mrenvoysqx@howstuffworks.com,Male,32.215.192.91
971,Wendie,Alabastar,walabastarqy@globo.com,Female,16.65.103.193
972,Tony,Rivel,trivelqz@cornell.edu,Female,13.52.111.223
973,Christy,Gethin,cgethinr0@zdnet.com,Male,86.81.32.129
974,Jaynell,Abramski,jabramskir1@hp.com,Female,200.248.145.254
975,Vivienne,Carette,vcaretter2@addtoany.com,Genderqueer,198.30.171.249
976,Callean,Pragnall,cpragnallr3@phpbb.com,Male,184.28.170.10
977,Justine,Coudray,jcoudrayr4@deviantart.com,Female,29.108.97.115
978,Grenville,Byway,gbywayr5@mozilla.org,Male,8.52.236.125
979,Tonnie,Firebrace,tfirebracer6@auda.org.au,Male,182.116.110.65
980,Demetris,Seebert,dseebertr7@hostgator.com,Genderfluid,116.174.228.253
981,Pamela,Partener,ppartenerr8@google.it,Female,101.47.199.188
982,Joyce,Oleshunin,joleshuninr9@google.com.br,Female,109.240.14.174
983,Margeaux,Marl,mmarlra@istockphoto.com,Female,99.8.60.31
984,Katina,Glinde,kglinderb@cornell.edu,Female,168.176.249.253
985,Thedrick,Goodfellowe,tgoodfellowerc@businessinsider.com,Male,69.7.86.173
986,Rosaleen,Cecil,rcecilrd@clickbank.net,Female,215.149.118.93
987,Chastity,McAteer,cmcateerre@bandcamp.com,Female,93.38.16.234
988,Theodoric,Gimert,tgimertrf@creativecommons.org,Male,189.149.151.70
989,Clementia,Ovesen,covesenrg@vistaprint.com,Female,128.113.156.41
990,Vic,Ritchings,vritchingsrh@live.com,Male,176.148.240.179
991,Worthy,Jirsa,wjirsari@addtoany.com,Male,75.101.17.128
992,Dacie,Wheatland,dwheatlandrj@ovh.net,Female,100.221.8.168
993,Shermy,Klosges,sklosgesrk@yahoo.com,Male,216.20.0.219
994,Stephen,Kiossel,skiosselrl@drupal.org,Male,12.61.154.54
995,Caprice,Yves,cyvesrm@drupal.org,Female,124.184.209.29
996,Easter,Foss,efossrn@booking.com,Female,245.72.93.230
997,Byram,Boak,bboakro@deliciousdays.com,Male,43.16.68.77
998,Starr,Huffer,shufferrp@google.cn,Female,206.12.109.40
999,Joanie,Harraway,jharrawayrq@gizmodo.com,Female,251.59.23.165
1000,Weber,Bellelli,wbellellirr@lulu.com,Male,64.37.170.94
